number, name
Ap9840,MEN'S ADIDAS HARDEN VOL.1,ADIDAS HARDEN VOL. 1 PK
BY9728,MEN'S ADIDAS I-5923 RUNNER,INIKI RUNNER
bb4145,ADIDAS ULTRA BOOST ATR,ULTRA BOOST 2.0
CQ0987,CRAZY 8 ADV PK,ADIDAS CRAZY 8 ADV
CQ0986,CRAZY 8 ADV PK,ADIDAS CRAZY 8 ADV
B37480,CRAZY BYW LVL I,MEN'S ADIDAS CRAZY BYW
BA7686,Wmns Ultra Boost 3.0 ,ADIDAS ULTRA BOOST W
bb8407,TUBULAR NOVA PK,ADIDAS ORIGINALS TUBULAR NOVE PRIMEKNIT
B25952,TUBULAR RUNNER,ADIDAS TUBULAR 1.0 RUNNER SNEAKER
Bb3116,MEN'S ADIDAS ORIGINALS CAMPUS,ADIDAS WH CAMPUS
Cq2529,WMNS ADIDAS I-5923 RUNNER,INIKI RUNNER
DB2557,ADIDAS PW TENNIS HU W,WMNS ADIDAS ORIGINALS PHARRELL WILLIAMS TENNIS HU
BB3928,ULTRA BOOST LTD,ULTRA BOOST 2.0
BB3929,ULTRA BOOST LTD,ULTRA BOOST 2.0
Da8835,NMD R1 PK,NMD XR1 PK
BB3434,WMNS ADIDAS ULTRA BOOST X,ADIDAS ULTRA BOOST X
BB6150,WMNS ADIDAS ULTRA BOOST 4.0,ADIDAS ULTRA BOOST W
DB3199,ULTRA BOOST 4.0,ADIDAS ULTRA BOOST
BB9531,ADIDAS PW HUMAN RACE NMD TR,ADIDAS NMD HU PHARRELL SOLAR PACK MOTHER
ba9998,INIKI RUNNER W,WMNS ADIDAS I-5923 RUNNER
S79478,NMD R1 PK,NMD RUNNER PK
Cg3752,MEN'S ADIDAS ORIGINALS CAMPUS,ADIDAS WH CAMPUS
BZ0640,ADIDAS EQT ADV WINTER,EQT SUPPORT ADV WINTER
BZ0641,ADIDAS EQT ADV WINTER,EQT SUPPORT ADV WINTER
B76045-GRN,MEN'S ADIDAS ALPHABOUNCE CITY CLIMACOOL,MEN'S ADIDAS ALPHABOUNCE CITY
ah1485,ULTRA BOOST KOLOR,ADIDAS ULTRA BOOST 3.0
Cq1825,ADIDAS ORIGINALS EQT SUPPPORT MID BY MASTERMIND WORLD,EQT SUPPORT MID MMW
BA8598,NMD R1 PK,NMD R1
CQ2163,MEN'S ADIDAS ORIGINALS PHARRELL WILLIAMS TENNIS HU,PW TENNIS HU
db2570,NMD R2,ADIDAS NMD_R2 CNY
CQ2041,WMNS ADIDAS NMD R1 PRIMEKNIT,WMNS ADIDAS NMD R1
BB2093,MEN'S ADIDAS I-5923 RUNNER,INIKI RUNNER
BB2092,MEN'S ADIDAS I-5923 RUNNER,INIKI RUNNER
BB2091,MEN'S ADIDAS I-5923 RUNNER,INIKI RUNNER
CQ2991,ADIDAS EQT BASK ADV TRIPLES,MEN'S ADIDAS ORIGINALS EQT BASK ADV SHOES
CQ2996,MEN'S ADIDAS ORIGINALS EQT,WMNS ADIDAS EQT BASKETBALL ADV,MEN'S ADIDAS ORIGINALS EQT,MEN'S ADIDAS ORIGINALS EQT BASK ADV SHOES,WMNS ADIDAS EQT BASKETBALL ADV,MEN'S ADIDAS ORIGINALS EQT BASK ADV SHOES
bb3904,ULTRA BOOST UNCAGE W,ADIDAS ULTRA BOOST UNCAGED W
bb3905,ULTRA BOOST UNCAGE W,ADIDAS ULTRA BOOST UNCAGED W
CQ2998,EQT SUPPORT ADV MID PK,ADIDAS ORIGINALS EQT SUPPORT MID ADV PK
BB6308,WMNS ADIDAS ULTRA BOOST 4.0,ADIDAS ULTRA BOOST W
Cq2389,WMNS ADIDAS NMD R1 PRIMEKNIT,NMD R1,WMNS ADIDAS NMD R1 PRIMEKNIT,ADIDAS NMD R1 STLT PK
Cq2388,WMNS ADIDAS NMD R1 PRIMEKNIT,ADIDAS NMD R1 STLT PK
BB6497,WMNS ADIDAS ULTRA BOOST,ADIDAS ULTRA BOOST W
Cm7874,EQT SUPPORT 93/17,EQUIPMENT SUPPORT 93/16
s79148,NMD C1,ADIDAS NMD CHUKKA
Cq2387,WMNS ADIDAS NMD R1 PRIMEKNIT,NMD R1,WMNS ADIDAS NMD R1 PRIMEKNIT,ADIDAS NMD R1 STLT PK
Cq2386,WMNS ADIDAS NMD R1 PRIMEKNIT,NMD R1,WMNS ADIDAS NMD R1 PRIMEKNIT,ADIDAS NMD R1 STLT PK
CQ1872,MEN'S ADIDAS ORIGINALS PHARRELL WILLIAMS TENNIS HU,PW TENNIS HU
Cp9762,MEN'S ADIDAS ENERGY BOOST,ADIDAS ENERGY BOOST S.E
by2104,INIKI RUNNER S.E.,ADIDAS CONSORTIUM INIKI RUNNER END X BODEGA SE
bb4677,ULTRA BOOST LTD,ADIDAS ULTRA BOOST 1.0
B34053,Wmns Ultra Boost 1.0,ULTRA BOOST W NAKED,Wmns Ultra Boost 1.0,ADIDAS ULTRA BOOST W,ULTRA BOOST W NAKED,ADIDAS ULTRA BOOST W
ba9274,ULTRA BOOST J (GS),ULTRA BOOST 2.0 J
S32211,ADIDAS NMD XR1,NMD XR1 PK
CQ2530,INIKI RUNNER W,WMNS ADIDAS I-5923 RUNNER
BB7996,NMD R1 PK,NMD R1
ba7560,NMD R2 PK,NMD R2 PK W
BA7539,ADIDAS ADILETTE CLOUDFOAM ULTRA,MEN'S ADIDAS ADILETTE SLIDE SANDALS
AP9840,MEN'S ADIDAS HARDEN VOL.1,ADIDAS HARDEN VOL. 1 PK
BB1978,WMNS ADIDAS ULTRA BOOST PARLEY ,WMNS ADIDAS ULTRA BOOST X
bb3123,NMD R1,Bedwin & The Heartbreakers x NMD_R1
CQ2992-WHT,MEN'S ADIDAS ORIGINALS EQT,MEN'S ADIDAS ORIGINALS EQT BASK ADV SHOES
ba7932,ULTRA BOOST UNCAGE W,ADIDAS ULTRA BOOST UNCAGED W
BW1116,ADIDAS ULTRA BOOST REIGNING CHAMP,ADIDAS ULTRA BOOST 3.0
CM8111,ULTRA BOOST 4.0,WMNS ADIDAS ULTRA BOOST 4.0
CM8118,ULTRA BOOST 4.0,WMNS ADIDAS ULTRA BOOST 4.0,ULTRA BOOST 4.0,ADIDAS ULTRA BOOST,WMNS ADIDAS ULTRA BOOST 4.0,ADIDAS ULTRA BOOST
AC6847,ADIDAS AW BBALL LO,ADIDAS ORIGINALS BY ALEXANDER WANG
BA8928,Wmns Ultra Boost 3.0 ,ADIDAS ULTRA BOOST W
DA8835,NMD R1 PK,NMD XR1 PK,NMD R1 PK,NMD XR1 PK
BA8927,Wmns Ultra Boost 3.0 ,ADIDAS ULTRA BOOST W
BA8924,ULTRA BOOST LTD,ADIDAS ULTRA BOOST 3.0
AQ5560,ULTRA BOOST LTD,ADIDAS ULTRA BOOST 1.0
CQ2023-PNK,WMNS ADIDAS SWIFT RUN,WMNS ADIDAS SWIFT RUN PRIMEKNIT
Cm7999,GAZELLE,GAZELLE S.E.
bb4078,ULTRA BOOST LTD,ULTRA BOOST 2.0
CQ2158,WMNS ADIDAS EQT SUPPORT ADV,WMNS ADIDAS EQT RACING ADV
F36980,YEEZY BOOST 350,ADIDAS YEEZY BOOST 350 V2
bb4077,ULTRA BOOST LTD,ULTRA BOOST 2.0
Aq4832,YEEZY BOOST 350,ADIDAS YEEZY BOOST 350 V2
BY9729,MEN'S ADIDAS I-5923 RUNNER,INIKI RUNNER
By3762,ADIDAS DAME 3,ADIDAS LILLARD 3 SNEAKER
BY9727,MEN'S ADIDAS I-5923 RUNNER,INIKI RUNNER
ba7748,ULTRA BOOST LTD,ADIDAS ULTRA BOOST 3.0
Ac7034,ADIDAS PW HUMAN RACE NMD TR,ADIDAS PHARRELL WILLIAMS HU HOLI TENNIS HU MC
Ac8326,NMD R1 STLT PK W,WMNS ADIDAS NMD R1 PRIMEKNIT
BB3118,ADIDAS X WINGS+HORNS NMD R2,NMD R2 PK
bb6171,ULTRA BOOST 4.0,WMNS ADIDAS ULTRA BOOST 4.0
Cg3004,ULTRA BOOST LTD,ADIDAS ULTRA BOOST 3.0
BY1795,ULTRA BOOST LTD,ULTRA BOOST 2.0
AC8791,TUBULAR SHADOW CK,ADIDAS ORIGINALS TUBULAR SHADOW KNIT
AC8794,TUBULAR SHADOW CK,ADIDAS ORIGINALS TUBULAR SHADOW KNIT
BY2674,MEN'S ADIDAS ORIGINALS PHARRELL WILLIAMS TENNIS HU,PW TENNIS HU
S80688,Wmns Ultra Boost 3.0 ,ADIDAS ULTRA BOOST W
DB0641,WMNS ADIDAS ULTRA BOOST PARLEY ,WMNS ADIDAS ULTRA BOOST X
BY2671,MEN'S ADIDAS ORIGINALS PHARRELL WILLIAMS TENNIS HU,PW TENNIS HU
BY2672,MEN'S ADIDAS ORIGINALS PHARRELL WILLIAMS TENNIS HU,PW TENNIS HU
BY2673,MEN'S ADIDAS ORIGINALS PHARRELL WILLIAMS TENNIS HU,PW TENNIS HU
cq0991,CRAZY BYW LVL I,MEN'S ADIDAS CRAZY BYW
AC8183-GRY,MEN'S ADIDAS ALPHABOUNCE CITY CLIMACOOL,MEN'S ADIDAS ALPHABOUNCE CITY
S80685,Wmns Ultra Boost 3.0 ,ADIDAS ULTRA BOOST W
S80686,Wmns Ultra Boost 3.0 ,ADIDAS ULTRA BOOST W
CQ0927,ADIDAS ORIGINALS TUBULAR SHADOW KNIT,MEN'S ADIDAS TUBULAR SHADOW
by1756,ULTRA BOOST 2.0,WMNS ADIDAS ULTRA BOOST,ULTRA BOOST 2.0,ADIDAS ULTRA BOOST
CQ2390,NMD R1 PK,WMNS ADIDAS NMD R1 PRIMEKNIT,NMD R1 PK,NMD R1,NMD R1 PK,ADIDAS NMD R1 STLT PK,WMNS ADIDAS NMD R1 PRIMEKNIT,NMD R1,WMNS ADIDAS NMD R1 PRIMEKNIT,ADIDAS NMD R1 STLT PK
CQ2391,NMD R1 PK,WMNS ADIDAS NMD R1 PRIMEKNIT,NMD R1 PK,ADIDAS NMD R1 STLT PK
BB4762,ADIDAS ULTRA BOOST 3.0,MEN'S ADIDAS ULTRA BOOST PARLEY
S74879,ADIDAS ULTRA BOOST HIGHSNOBIETY,ADIDAS ULTRA BOOST 1.0
CG2800,ADIDAS ADILETTE CF,MEN'S ADIDAS ADILETTE CLOUDFOAM PLUS SLIDE SANDALS
BB9102,ADIDAS ULTRA BOOST UNDFTD,ULTRA BOOST 4.0
BB6151,WMNS ADIDAS ULTRA BOOST 4.0,ADIDAS ULTRA BOOST W
s74879,ULTRA BOOST HIGHSNOB,ADIDAS ULTRA BOOST HIGHSNOBIETY,ULTRA BOOST HIGHSNOB,ADIDAS ULTRA BOOST 1.0
Cq2030,NMD R1 STLT PK W,WMNS ADIDAS NMD R1 PRIMEKNIT
CQ2389-OLV,WMNS ADIDAS NMD R1 PRIMEKNIT,NMD R1
BB2356,ADIDAS W EQT ADV/91-17,EQT SUPPORT RF W
Db1788,ADIDAS CONSORTIUM CRAZY 8 X NICE KICKS,ADIDAS CRAZY 8 ADV
S80682,Wmns Ultra Boost 3.0 ,ADIDAS ULTRA BOOST W
AF5589,Porsche Design x Ultra Boost,ADIDAS PDS ULTRA BOOST TRA
s76849,ADIDAS NMD XR1,NMD XR1 PK
D96817,ADIDAS NMD R1 STLT,NMD R1 PK
BB2900,MEN'S ADIDAS X_PLR,X PLR
Cq2631,ADIDAS ORIGINALS PW TENNIS HU PK,PW TENNIS HU
Cq2630,ADIDAS ORIGINALS PW TENNIS HU PK,PW TENNIS HU
S79482,NMD R1 PK,NMD RUNNER PK
S78705,ULTRA BOOST J&D,ADIDAS ULTRA BOOST 1.0
S80222,NMD_XR1 PRIMEKNIT J 'UTILITY BLACK',ADIDAS NMD_XR1 PK J
CG3656,NEMEZIZ TANGO 17+ 360 AGILI,ADIDAS K NEMEZIZ 17.1 ULTRA BOOST
cp9762,MEN'S ADIDAS ENERGY BOOST,ADIDAS ENERGY BOOST S.E
S75338,NMD RUNNER,NMD RUNNER J
by9525,NMD R2 PK,NMD R2 PK W
CQ2991-BLK,MEN'S ADIDAS ORIGINALS EQT,MEN'S ADIDAS ORIGINALS EQT BASK ADV SHOES
CG3004,ULTRA BOOST LTD,ADIDAS ULTRA BOOST 3.0
CG3002,ADIDAS ULTRA BOOST ATR MID,ULTRA BOOST TERRAIN LTD
BY8719,MEN'S ADIDAS ORIGINALS PHARRELL WILLIAMS TENNIS HU,PW TENNIS HU
CG3009,ADIDAS ULTRA BOOST X ALL TERRAIN WMNS,ADIDAS ULTRA BOOST ATR MID
S79161,NMD RUNNER,NMD R1
S80489,NMD R1,NMD PITCH BLACK
BB6148,WMNS ADIDAS ULTRA BOOST 4.0,ADIDAS ULTRA BOOST W
CQ2029,NMD R1 STLT PK W,WMNS ADIDAS NMD R1 PRIMEKNIT
CQ2023,WMNS ADIDAS SWIFT RUN,WMNS ADIDAS SWIFT RUN PRIMEKNIT
af6219,ULTRA BOOST KOLOR,ADIDAS ULTRA BOOST 1.0
AQ5935,Wmns Ultra Boost 2.0,ADIDAS ULTRA BOOST W
AQ5934,Wmns Ultra Boost 2.0,ADIDAS ULTRA BOOST W
BY8717,MEN'S ADIDAS ORIGINALS PHARRELL WILLIAMS TENNIS HU,PW TENNIS HU
AF5837,ULTRA BOOST LTD,ADIDAS ULTRA BOOST 1.0
AF5836,ULTRA BOOST LTD,ADIDAS ULTRA BOOST 1.0
BY2911,ULTRA BOOST S.E.,ADIDAS CONSORTIUM SNS X SOCIAL STATUS ULTRA BOOST
aq5559,ULTRA BOOST LTD,ADIDAS ULTRA BOOST 1.0
aq5558,ULTRA BOOST LTD,ADIDAS ULTRA BOOST 1.0
B37946,MEN'S ADIDAS I-5923 RUNNER,INIKI RUNNER
AC7034,ADIDAS PW HUMAN RACE NMD TR,ADIDAS PHARRELL WILLIAMS HU HOLI TENNIS HU MC
CG2928,ULTRA BOOST LTD,ULTRA BOOST 2.0
CQ1864,NMD R1 PK,NMD R1
DB1788,ADIDAS CONSORTIUM CRAZY 8 X NICE KICKS,ADIDAS CRAZY 8 ADV
by3056,ULTRA BOOST MID,ADIDAS CONSORTIUM ULTRA BOOST MID
D97921,PW X CC HU NMD,ADIDAS PW HUMAN RACE NMD TR
DB1785,ADIDAS QUESENCE SOLEBOX,ADIDAS ORIGINALS QUESENCE
Cm7882,ADIDAS CONSORTIUM ULTRA BOOST MID,ULTRA BOOST MID S.E.
DA9934,MEN'S ADIDAS ALPHABOUNCE CITY,ADIDAS ALPHABOUNCE CR
DA9935,MEN'S ADIDAS ALPHABOUNCE CITY,ADIDAS ALPHABOUNCE CR
CQ2992,ADIDAS EQT BASK ADV TRIPLES,MEN'S ADIDAS ORIGINALS EQT BASK ADV SHOES
ac8171,NMD R1,NMD XR1 PK
bb3903,ULTRA BOOST UNCAGE W,ADIDAS ULTRA BOOST UNCAGED W
Da9613,MEN'S ADIDAS ORIGINALS PHARRELL WILLIAMS TENNIS HU,ADIDAS PHARRELL WILLIAMS HU HOLI TENNIS HU BC
CQ2244,ADIDAS EQT RACING ADV PK W,WMNS ADIDAS EQT RACING ADV
s77517,ULTRA BOOST LTD,ADIDAS ULTRA BOOST 1.0
CQ2243,ADIDAS EQT RACING ADV PK W,WMNS ADIDAS EQT RACING ADV
CQ2529,INIKI RUNNER W,WMNS ADIDAS I-5923 RUNNER,INIKI RUNNER W,INIKI RUNNER
CQ2241,ADIDAS EQT RACING ADV PK W,WMNS ADIDAS EQT RACING ADV
BY8715,MEN'S ADIDAS ORIGINALS PHARRELL WILLIAMS TENNIS HU,PW TENNIS HU
BY8714,MEN'S ADIDAS ORIGINALS PHARRELL WILLIAMS TENNIS HU,PW TENNIS HU
BB7603,Pharrell x N.E.R.D. x NMD Human Race Trail,ADIDAS PW HUMAN RACE NMD TR
BY8716,MEN'S ADIDAS ORIGINALS PHARRELL WILLIAMS TENNIS HU,PW TENNIS HU
cq2489,MEN'S ADIDAS I-5923 RUNNER,INIKI RUNNER
CQ2994,MEN'S ADIDAS ORIGINALS EQT,WMNS ADIDAS EQT BASKETBALL ADV,MEN'S ADIDAS ORIGINALS EQT,MEN'S ADIDAS ORIGINALS EQT BASK ADV SHOES,WMNS ADIDAS EQT BASKETBALL ADV,MEN'S ADIDAS ORIGINALS EQT BASK ADV SHOES
CQ2995,MEN'S ADIDAS ORIGINALS EQT,MEN'S ADIDAS ORIGINALS EQT BASK ADV SHOES
by3732,PRO MODEL J (GS),PRO MODEL  J
BB6309,WMNS ADIDAS ULTRA BOOST 4.0,ADIDAS ULTRA BOOST W
By2671,MEN'S ADIDAS ORIGINALS PHARRELL WILLIAMS TENNIS HU,PW TENNIS HU
af5778,BOOST M WW,ADIDAS ULTRA BOOST 1.0
CP9632,ULTRA BOOST PRIDE,ADIDAS ULTRA BOOST 3.0
Bc0333,ADIDAS NMD R1 STLT,ADIDAS NMD TS1
by9647,NMD R1,WMNS ADIDAS NMD R1
BY2245,WMNS ADIDAS NMD R2,NMD R2 PK W
BB9245,NMD R1 PK,NMD XR1 PK
Bb2089,MEN'S ADIDAS I-5923 RUNNER,INIKI RUNNER
S77513,Wmns Ultra Boost 1.0,ADIDAS ULTRA BOOST W
S77512,Wmns Ultra Boost 1.0,ADIDAS ULTRA BOOST W
BB6154,WMNS ADIDAS ULTRA BOOST,WMNS ADIDAS ULTRA BOOST 4.0
AQ1091,TUBULAR SHADOW CK,MEN'S ADIDAS TUBULAR SHADOW
S77515,Wmns Ultra Boost 1.0,ADIDAS ULTRA BOOST W
BB6495,ULTRA BOOST 4.0,WMNS ADIDAS ULTRA BOOST 4.0
Cq2031,NMD R1 STLT PK W,WMNS ADIDAS NMD R1 PRIMEKNIT,NMD R1 STLT PK W,ADIDAS NMD R1 STLT PK
BZ0614,AF 1.4 Primeknit,ADIDAS F 1.4 PK
BY3566,MEN'S ADIDAS TUBULAR DOOM SOCK PRIMEKNIT,MEN'S ADIDAS ORIGINALS TUBULAR DOOM SOCK
BA9998,INIKI RUNNER W,WMNS ADIDAS I-5923 RUNNER
B37093-BLK,WMNS ADIDAS EDGE LUX,WMNS ADIDAS EDGE LUX CLIMA
aq4832,YEEZY BOOST 350,ADIDAS YEEZY BOOST 350 V2
Ac7753,ADIDAS ORIGINALS STOCKHOLM GORE-TEXÂ®,ADIDAS STOCKHOLM GTX
BB1092,ULTRA BOOST LTD,ADIDAS ULTRA BOOST 3.0
Cq2385,WMNS ADIDAS NMD R1 PRIMEKNIT,ADIDAS NMD R1 STLT PK
DB2570,NMD R2,ADIDAS NMD_R2 CNY
EE7150,ULTRA BOOST 4.0,WMNS ADIDAS ULTRA BOOST 4.0
EE6283,Pharrell x N.E.R.D. x NMD Human Race Trail,ADIDAS PHARRELL WILLIAMS HU NMD NERD
b39254,ULTRA BOOST M RCHAMP,ADIDAS ULTRA BOOST 1.0
CQ2389,NMD R1 PK,WMNS ADIDAS NMD R1 PRIMEKNIT,NMD R1 PK,NMD R1,NMD R1 PK,ADIDAS NMD R1 STLT PK,NMD R1,ADIDAS NMD R1 STLT PK
CQ2388,NMD R1 PK,WMNS ADIDAS NMD R1 PRIMEKNIT,NMD R1 PK,WMNS ADIDAS NMD R1 PRIMEKNIT,NMD R1 PK,ADIDAS NMD R1 STLT PK,NMD R1 PK,ADIDAS NMD R1 STLT PK,WMNS ADIDAS NMD R1 PRIMEKNIT,ADIDAS NMD R1 STLT PK
BC0248,ULTRA BOOST 4.0,MEN'S ADIDAS ULTRA BOOST PARLEY
CM7879,NMD R2,NMD R1
CQ2387,NMD R1 PK,WMNS ADIDAS NMD R1 PRIMEKNIT,NMD R1 PK,NMD R1,NMD R1 PK,ADIDAS NMD R1 STLT PK,WMNS ADIDAS NMD R1 PRIMEKNIT,NMD R1,WMNS ADIDAS NMD R1 PRIMEKNIT,ADIDAS NMD R1 STLT PK,NMD R1,ADIDAS NMD R1 STLT PK
CQ2386,NMD R1 PK,WMNS ADIDAS NMD R1 PRIMEKNIT,NMD R1 PK,NMD R1,NMD R1 PK,ADIDAS NMD R1 STLT PK,WMNS ADIDAS NMD R1 PRIMEKNIT,NMD R1,WMNS ADIDAS NMD R1 PRIMEKNIT,ADIDAS NMD R1 STLT PK,NMD R1,ADIDAS NMD R1 STLT PK
BY2104,INIKI RUNNER S.E.,ADIDAS CONSORTIUM INIKI RUNNER END X BODEGA SE
Cq0991,CRAZY BYW LVL I,MEN'S ADIDAS CRAZY BYW
AF5756,ULTRA BOOST - SNS,ADIDAS ULTRA BOOST 1.0
BZ0009,ADIDAS EQT SUPPORT RF PK W,EQT SUPPORT RF W
CG3799,ULTRA BOOST AT J,ADIDAS ULTRA BOOST ALL TERRAIN J
BZ0006,EQT SUPPORT ADV PK  W,Wmns EQT Support ADV Primeknit
af5826,ULTRA BOOST J&D,ADIDAS ULTRA BOOST 1.0
CQ2489,MEN'S ADIDAS I-5923 RUNNER,INIKI RUNNER
BB3123,NMD R1,Bedwin & The Heartbreakers x NMD_R1
BB3685,NMD XR1 W,NMD XR1 PK W
BB3684,NMD XR1 W,NMD XR1 PK W
BB3687,NMD XR1 W,NMD XR1 PK W
CP9250,ULTRA BOOST 4.0,WMNS ADIDAS ULTRA BOOST 4.0
bb6220,ULTRA BOOST LTD,ULTRA BOOST 4.0
bb3902,ULTRA BOOST UNCAGE W,ADIDAS ULTRA BOOST UNCAGED W
S75230,NMD RUNNER W,WMNS ADIDAS NMD R1
B42735,ADIDAS ALPHABOUNCE TEAM,ALPHABOUCE TEAM
AC8326,NMD R1 STLT PK W,WMNS ADIDAS NMD R1 PRIMEKNIT
s85962,PRO MODEL J (GS),PRO MODEL  J
B37714,TUBULAR SHADOW CK,MEN'S ADIDAS TUBULAR SHADOW
Bb6448,GAZELLE,GAZELLE S.E.
Bb6449,MEN'S ADIDAS ORIGINALS CAMPUS,ADIDAS CAMPUS SE SLAMJAM
288022,MEN'S ADIDAS ADILETTE SLIDE SANDALS,WMNS ADIDAS ADILETTE SLIDE SANDALS
Cq2489,MEN'S ADIDAS I-5923 RUNNER,INIKI RUNNER
db1777,NMD RACE JUICE,ADIDAS ORIGINALS NMD RACER PK
BB4078,ULTRA BOOST LTD,ULTRA BOOST 2.0
s80781,ULTRA BOOST UNCAGE W,ADIDAS ULTRA BOOST UNCAGED W
BB4077,ULTRA BOOST LTD,ULTRA BOOST 2.0
CQ3034,STAN SMITH,ADIDAS ORIGINALS STAN SMITH RECON
BA7748,ULTRA BOOST LTD,ADIDAS ULTRA BOOST 3.0
BA7580,WMNS ADIDAS EQT SUPPORT ADV,EQT SUPPORT ADV PK  W
BB4677,ULTRA BOOST LTD,ADIDAS ULTRA BOOST 1.0
s80780,ULTRA BOOST UNCAGE W,ADIDAS ULTRA BOOST UNCAGED W
B75904,WMNS ADIDAS BY STELLA MCCARTNEY ULTRA BOOST,Wmns Ultra boost x Stella McCartney
BB6170,ULTRA BOOST 4.0,WMNS ADIDAS ULTRA BOOST 4.0
BB6171,ULTRA BOOST 4.0,WMNS ADIDAS ULTRA BOOST 4.0
s78705,ULTRA BOOST J&D,ADIDAS ULTRA BOOST 1.0
CQ2030,NMD R1 STLT PK W,WMNS ADIDAS NMD R1 PRIMEKNIT
S32212,ADIDAS NMD XR1,NMD XR1 PK
aq5560,ULTRA BOOST LTD,ADIDAS ULTRA BOOST 1.0
aq5561,ULTRA BOOST LTD,ADIDAS ULTRA BOOST 1.0
AC7435,ADIDAS PERFORMANCE HARDEN LS 2 BUCKLE,ADIDAS HARDEN LS
BY1756,ULTRA BOOST 2.0,WMNS ADIDAS ULTRA BOOST,ULTRA BOOST 2.0,ADIDAS ULTRA BOOST
F99762,Pharrell x NMD Hu Trail China Exclusive,ADIDAS PHARRELL WILLIAMS HU HOLI TENNIS HU MC
BB6088-ASH,WMNS ADIDAS PUREBOOST X CLIMA,WMNS ADIDAS PUREBOOST X ELEMENT
bb3928,ULTRA BOOST LTD,ULTRA BOOST 2.0
bb3929,ULTRA BOOST LTD,ULTRA BOOST 2.0
CQ2631,ADIDAS ORIGINALS PW TENNIS HU PK,PW TENNIS HU
Bb8407,TUBULAR NOVA PK,ADIDAS ORIGINALS TUBULAR NOVE PRIMEKNIT
AF5141,Wmns Ultra Boost 2.0,ADIDAS ULTRA BOOST W
BB9155,NMD RACE JUICE,ADIDAS ORIGINALS NMD RACER PK
AF5142,Wmns Ultra Boost 2.0,ADIDAS ULTRA BOOST W
BY1674,WMNS ADIDAS ULTRA BOOST X,ADIDAS ULTRA BOOST X
B32703,ADIDAS STAN SMITH J,STAN SMITH J (GS)
DB2842,NMD R1 PK,NMD R1
BB6220,ULTRA BOOST LTD,ULTRA BOOST 4.0
s79161,NMD RUNNER,NMD R1
ba8598,NMD R1 PK,NMD R1
AF5778,BOOST M WW,ADIDAS ULTRA BOOST 1.0
BC0333,ADIDAS NMD R1 STLT,ADIDAS NMD TS1
BW0540,MEN'S ADIDAS ALPHABOUNCE,ADIDAS ALPHABOUNCE 1 M
by9913,NMD R2,NMD C2
DA9619,MEN'S ADIDAS ORIGINALS PHARRELL WILLIAMS TENNIS HU,ADIDAS PHARRELL WILLIAMS HU HOLI TENNIS HU,MEN'S ADIDAS ORIGINALS PHARRELL WILLIAMS TENNIS HU,PW TENNIS HU,ADIDAS PHARRELL WILLIAMS HU HOLI TENNIS HU,PW TENNIS HU
DA9618,MEN'S ADIDAS ORIGINALS PHARRELL WILLIAMS TENNIS HU,ADIDAS PHARRELL WILLIAMS HU HOLI TENNIS HU,MEN'S ADIDAS ORIGINALS PHARRELL WILLIAMS TENNIS HU,PW TENNIS HU,ADIDAS PHARRELL WILLIAMS HU HOLI TENNIS HU,PW TENNIS HU
DA9615,MEN'S ADIDAS ORIGINALS PHARRELL WILLIAMS TENNIS HU,ADIDAS PHARRELL WILLIAMS HU HOLI TENNIS HU,MEN'S ADIDAS ORIGINALS PHARRELL WILLIAMS TENNIS HU,PW TENNIS HU,ADIDAS PHARRELL WILLIAMS HU HOLI TENNIS HU,PW TENNIS HU
DA9617,MEN'S ADIDAS ORIGINALS PHARRELL WILLIAMS TENNIS HU,ADIDAS PHARRELL WILLIAMS HU HOLI TENNIS HU,MEN'S ADIDAS ORIGINALS PHARRELL WILLIAMS TENNIS HU,PW TENNIS HU,ADIDAS PHARRELL WILLIAMS HU HOLI TENNIS HU,PW TENNIS HU
BB2370,NMD XR1 W,NMD XR1 PK W
Ac6846,ADIDAS ORIGINALS BY ALEXANDER WANG,Alexander Wang x AW Run Mid
ba9956,ULTRA BOOST KOLOR,ULTRA BOOST 2.0
S79385,NMD RUNNER W,WMNS ADIDAS NMD R1
Bb2092,MEN'S ADIDAS I-5923 RUNNER,INIKI RUNNER
bb1978,WMNS ADIDAS ULTRA BOOST PARLEY ,WMNS ADIDAS ULTRA BOOST X
BD7399,ULTRA BOOST MID,ADIDAS CONSORTIUM ULTRA BOOST MID
CG3673,ULTRA BOOST 4.0,MEN'S ADIDAS ULTRA BOOST PARLEY
Cg4104,ADIDAS PW JACQUARD MID,STAN SMITH MID JACQUARD
BB5115,WMNS ADIDAS ORIGINALS SUPERSTAR,SUPERSTAR 80S W
BY1834,ADIDAS ULTRA BOOST X MID WMNS,WMNS ADIDAS BY STELLA MCCARTNEY ULTRA BOOST X MID
CQ0990,MEN'S ADIDAS CRAZY 1 ADV,ADIDAS CRAZY 8 ADV
CQ0991,CRAZY BYW LVL I,MEN'S ADIDAS CRAZY BYW
B22542,NEMEZIZ TANGO 17+ 360 AGILI,ADIDAS K NEMEZIZ 17.1 ULTRA BOOST
Bb7996,NMD R1 PK,NMD R1
cg3656,NEMEZIZ TANGO 17+ 360 AGILI,ADIDAS K NEMEZIZ 17.1 ULTRA BOOST
S79148,NMD C1,ADIDAS NMD CHUKKA
S82010,ADIDAS PUREBOOST DPR LTD,ADIDAS PUREBOOST
BB3910,Wmns Ultra Boost 2.0,ADIDAS ULTRA BOOST W
AQ0109-MAR,WMNS ADIDAS EDGE LUX,WMNS ADIDAS EDGE LUX CLIMA
Cm8000,STAN SMITH,STAN SMITH S.E.
BY2598,MEN'S ADIDAS EQT SUPPORT ADV,EQT ADV SUPPORT 93 UNDF
BB9527,ADIDAS PW HUMAN RACE NMD TR,ADIDAS NMD HU PHARRELL SOLAR PACK MOTHER
BB9528,ADIDAS PW HUMAN RACE NMD TR,ADIDAS NMD HU PHARRELL SOLAR PACK MOTHER
BY3056,ULTRA BOOST MID,ADIDAS CONSORTIUM ULTRA BOOST MID
Cj5746,ADIDAS CONSORTIUM HENDER SCHEME NMD,NMD R1
cg3004,ULTRA BOOST LTD,ADIDAS ULTRA BOOST 3.0
AC7505,NEMEZIZ TANGO 17+ 360 AGILI,ADIDAS K NEMEZIZ 17.1 ULTRA BOOST
BB6135,Ultra Boost Laceless 2.0,ADIDAS ULTRA BOOST LACELESS
B23642,ADIDAS SUPERSTAR J,SUPERSTAR (GS)
AC7508,NEMEZIZ TANGO 17+ 360 AGILI,ADIDAS K NEMEZIZ 17.1 ULTRA BOOST
bb3118,ADIDAS X WINGS+HORNS NMD R2,NMD R2 PK
DB1676,MEN'S ADIDAS ALPHABOUNCE CITY,ADIDAS ALPHABOUNCE CR
BB2089,MEN'S ADIDAS I-5923 RUNNER,INIKI RUNNER
BY8762,WMNS ADIDAS NMD R1 PRIMEKNIT,NMD R1
bb3116,MEN'S ADIDAS ORIGINALS CAMPUS,ADIDAS WH CAMPUS
by1795,ULTRA BOOST LTD,ULTRA BOOST 2.0
BB0617,Pharrell x NMD Human Race Trail,ADIDAS PW HUMAN RACE NMD
B96578-BLK,MEN'S ADIDAS DURAMO 9 KNIT,MEN'S ADIDAS DURAMO 9
BB0618,Pharrell x NMD Human Race Trail,ADIDAS PW HUMAN RACE NMD
Cq2390,WMNS ADIDAS NMD R1 PRIMEKNIT,NMD R1,WMNS ADIDAS NMD R1 PRIMEKNIT,ADIDAS NMD R1 STLT PK
Cq2391,WMNS ADIDAS NMD R1 PRIMEKNIT,ADIDAS NMD R1 STLT PK
af5837,ULTRA BOOST LTD,ADIDAS ULTRA BOOST 1.0
CM7895,COPA 17.1 ULTRA BOOST,Kith x Copa Mundial 17 Ultra Boost
CP9765,MEN'S ADIDAS ORIGINALS PHARRELL WILLIAMS TENNIS HU,PW TENNIS HU
CP9764,MEN'S ADIDAS ORIGINALS PHARRELL WILLIAMS TENNIS HU,PW TENNIS HU
CP9767,MEN'S ADIDAS ORIGINALS PHARRELL WILLIAMS TENNIS HU,PW TENNIS HU
CP9766,MEN'S ADIDAS ORIGINALS PHARRELL WILLIAMS TENNIS HU,PW TENNIS HU
B54366,ADIDAS ALPHABOUNCE M,ALPHABOUNCE AMS M
ac7031,Pharrell x NMD Human Race Trail,ADIDAS PW HUMAN RACE NMD TR
BY9395,AF 1.4 Primeknit,ADIDAS F 1.4 PK
G16220,ADIDAS ADILETTE CLOUDFOAM ULTRA,MEN'S ADIDAS ADILETTE SLIDE SANDALS
CG3735,ADO ULTRA BOOST,ADIDAS PureBoost ZG
BY3122,MEN'S ADIDAS ALPHABOUNCE LEATHER,MEN'S ADIDAS ALPHABOUNCE
AF6219,ULTRA BOOST KOLOR,ADIDAS ULTRA BOOST 1.0
B28170,ADIDAS HARDEN LS 2 LACE,ADIDAS HARDEN LS
S82052,Wmns Ultra Boost 3.0 ,ADIDAS ULTRA BOOST W
S82055,Wmns Ultra Boost 3.0 ,ADIDAS ULTRA BOOST W
S82058,Wmns Ultra Boost 3.0 ,ADIDAS ULTRA BOOST W
AQ8539,TOP TEN 2000,ADIDAS TOP TEN 2000
CP9685,ADIDAS ULTRA BOOST 3.0,MEN'S ADIDAS ULTRA BOOST PARLEY
AQ5559,ULTRA BOOST LTD,ADIDAS ULTRA BOOST 1.0
AQ5558,ULTRA BOOST LTD,ADIDAS ULTRA BOOST 1.0
BB1141,ADIDAS ULTRA BOOST 1.0,ULTRA BOOST W NAKED
cp9632,ULTRA BOOST PRIDE,ADIDAS ULTRA BOOST 3.0
AQ5954,ADIDAS ULTRA BOOST ATR,ULTRA BOOST 2.0
B39254,ULTRA BOOST M RCHAMP,ADIDAS ULTRA BOOST 1.0
S42131,NMD R1 PK,NMD RUNNER PK
AC8171,NMD R1 PK,NMD R1,NMD R1 PK,NMD XR1 PK
280647,MEN'S ADIDAS ADILETTE SLIDE SANDALS,WMNS ADIDAS ADILETTE SLIDE SANDALS
280648,MEN'S ADIDAS ADILETTE SLIDE SANDALS,WMNS ADIDAS ADILETTE SLIDE SANDALS
BB3068,Pharrell x NMD Human Race Trail,ADIDAS PW HUMAN RACE NMD
CQ2388-BLU,WMNS ADIDAS NMD R1 PRIMEKNIT,ADIDAS NMD R1 STLT PK
Bw1122,ADIDAS PUREBOOST REIGNING CHAMP,ADIDAS ULTRA BOOST REIGNING CHAMP WMNS
CG4572,MEN'S ADIDAS ALPHABOUNCE CITY,ADIDAS ALPHABOUNCE CR
CM7882,Solebox x Packer Shoes x Ultra Boost Mid,ADIDAS CONSORTIUM ULTRA BOOST MID,Solebox x Packer Shoes x Ultra Boost Mid,ULTRA BOOST MID S.E.
CM7880,ULTRA BOOST S.E.,ULTRA BOOST 4.0,ULTRA BOOST S.E.,ADIDAS ULTRA BOOST,ULTRA BOOST 4.0,ADIDAS ULTRA BOOST
Bz0006,EQT SUPPORT ADV PK  W,Wmns EQT Support ADV Primeknit
B22480,ADIDAS ULTRA BOOST UNDFTD,ULTRA BOOST 4.0
BB0820,WMNS ADIDAS BY STELLA MCCARTNEY ULTRA BOOST,ADIDAS ULTRA BOOST W
B27172,Wmns Ultra Boost 1.0,ADIDAS ULTRA BOOST W
CM8272,ULTRA BOOST 4.0,MEN'S ADIDAS ULTRA BOOST PARLEY
d97921,PW X CC HU NMD,ADIDAS PW HUMAN RACE NMD TR
BA7828,MEN'S ADIDAS ORIGINALS PHARRELL WILLIAMS TENNIS HU,PW TENNIS HU
AQ0201,ADIDAS ADIZERO PRIME PARLEY,ADIDAS PERFORMANCE ADIZERO PRIME LTD
AF5672,Wmns Ultra Boost 1.0,ADIDAS ULTRA BOOST W
BB5537,Porsche Design x Ultra Boost,ADIDAS PDS ULTRA BOOST TRA
BA7540,ADIDAS ADILETTE CLOUDFOAM ULTRA,MEN'S ADIDAS ADILETTE SLIDE SANDALS
s74775,SUPERSTR 80V UNDFTDXBAP,SUPERSTAR 80V
AQ0934,NMD R1 PK,ADIDAS NMD R1 STLT PK
Cq2028,NMD R1 STLT PK W,WMNS ADIDAS NMD R1 PRIMEKNIT,NMD R1 STLT PK W,ADIDAS NMD R1 STLT PK
Cq2029,NMD R1 STLT PK W,WMNS ADIDAS NMD R1 PRIMEKNIT
BB0620,Pharrell x NMD Human Race Trail,ADIDAS PW HUMAN RACE NMD
AC7165,MEN'S ADIDAS SWIFT RUN,ADIDAS SWIFT RUN M
BB2367,NMD XR1 W,NMD XR1 PK W
BY3762,ADIDAS DAME 3,ADIDAS LILLARD 3 SNEAKER
BB2369,NMD XR1 W,NMD XR1 PK W
cm7878,HANON X ADIDAS NEW YORK "DARK STORM",ADIDAS CONSORTIUM NEW YORK X HANON
DB1777,NMD RACE JUICE,ADIDAS ORIGINALS NMD RACER PK
af5756,ULTRA BOOST - SNS,ADIDAS ULTRA BOOST 1.0
AC7836,ULTRA BOOST 4.0,MEN'S ADIDAS ULTRA BOOST PARLEY
BB2911,NMD XR1 PK,XR1 PK
BB6497-ASH,WMNS ADIDAS ULTRA BOOST PARLEY ,ADIDAS ULTRA BOOST W
aq0351,WMNS ADIDAS ORIGINALS SUPERSTAR,MEN'S ADIDAS SUPERSTAR
aq0352,WMNS ADIDAS ORIGINALS SUPERSTAR,MEN'S ADIDAS SUPERSTAR