name, number
NIKE KOBE 11 LOW,865773 991d
LEBRON 12 CTK PE,mnbskt410551060
Nike Air Zoom Structure 21 - Men's,4695007,4695005,4695406
AIR MAX 93 RUNNING SHOES,BMN869-M1-C1
Nike Lebron 7 XMAS Sample,120220 20
Nike Romaleos 3 - Men's,0627614,0628200
Nike Free RN Flyknit,1069001
Nike Mercurial SuperflyX 6 Academy IC - Men's,7369081
ZOOM HUARACHE TR,220524 LN4
Nike Clipper 17' MCS - Men's,3482100,3482411,3482412,3482611,3482011
AIR FOAMPOSITE PRO,624041002b
Nike Benassi JDI Ultra Lux - Men's,2407300
AIR FORCE 1 HIGH RETRO,722255 844450
Nike Alpha Menace Pro Mid - Men's,1451101
Nike Magista Obra 2 Academy DF FG - Men's,7303107,7303080
HYPERDUNK SUPREME,h008mnbskt333103865y3
STEFAN JANOSKI MAX,1303010
AIR MAX HYPERPOSITE,mnbskt988352543,mnbskt893335675
Men's Nike Air Max 97 Ultra 2017 Casual Shoes,8356100
Men's Nike Zoom Fly Running Shoes,0848100
LEBRON 12,mnbskt551604 410,ho14-mnbskt-779
LEBRON 9 LOW,fa12mnbskt836,su12mnbskt020
Nike Hypervenom Phantom 3 Academy FG - Men's,4120107,4120090,7271081
AIR FORCE 1 ULTRA FLYKNIT LOW,7419002
Nike Dunk '08,HO08-URBAN-001
Nike Mercurial Superfly 6 Academy MG - Men's,7362081,7362107
Nike Zoom Solider 6,35427P XC
AIR FORCE 2 LOW,bmb387m1
Nike Blazer 73 Premium QAM,BMB811-M2-01
Nike Air Zoom Pegasus 35 - Men's,3905402,3905501,3905602,3905801
NIKE ZOOM LEBRON SOLDIER,mnbskt 85738064
Nike Hyper Dunk '09,H008 MN8SKT 333 103865
Nike KD 9 Elite - Men's,8637010
Nike Zoom Train Command - Men's,3984004,4397061,3984609,4397411,4397571,4397617,4397661
LEBRON 7 PE,h009mnbskt178,sp10mnbskt303191257,sp10mnbskt303191258,sp10mnbskt628176842,sp10mnbskt628157,h009mnbskt178z
Nike Free RN 2017 Shield - Men's,3760001
AIR FORCE 1 '07 LE,la familia
AF1 CMFT LUX HIGH,857667 735744
Air Max Sequent 3,0004201
KICKSHAWAII,bmq261m5c1
AIR ZOOM GENERATION,30821411104,BAM026-M31-C1
Men's Nike Mayfly Lite SE Running Shoes,6188001
Nike Varsity Compete Trainer - Men's,7064001,7064002,7064006,7064004
Nike Trainer 1 LTD,BOMID143484
Men's Nike LeBron Soldier 12 Basketball Shoes,2609100,2609001
W NIKE AIR VAPORMAX FLYKNIT,849557  404
Nike Tiempo Legend 7 Academy FG - Men's,7242107,7242080
Men's Nike Air Max 270 Flyknit Casual Shoes,M9621-M
DUNK FLYKNIT,746400,7746600,746100
Nike Hypervenom Phantom 3 Academy DF FG - Men's,7268090,7268107,7268081
NIKE HYPERDUNK 2016 LOW,844353 650745 ln4
FLYKNIT RACER,6628103,6628604
AIR MORE UPTEMPO,4060200
Nike SB Blazer Vapor - Men's,663010
AIR FORCE 1 HIGH SL,862238 LN2
Nike Tiempo Legend 7 Pro FG - Men's,7241080
Men's Nike Free RN Commuter 2017 Running Shoes,2430003,2430100
Nike Zoom Wildhorse 4 - Men's,0565401,0565002,0565601
Men's Nike Free Metcon Training Shoes,8141001,8141004
NIKE LAB X VLONE AIR FORCE 1,773255 906765
Men's Nike LeBron 13 Low Basketball Shoes,8289001
AIR FOAMPOSITE ONE,h015mnsbsk559506
ZOOM LEBRON 3 LOW PE,bam316m16c1,bam316m19c1,bam316m18c1
Nike Tiempo Legend 7 Elite FG - Men's,7238107
NIKE ZOOM STEFAN JANOSKI,5957027
Nike Vapor Shark 3 - Men's,7168010
Nike Alpha Huarache Turf - Men's,3435071,3435002,3435610,3435171,3435410,3435010
ZOOM LEBRON 4,bam284m42c1promo,bam284m48c1,bmb367m18,BAM284 M43
Nike Zoom Terra Kiger 4 - Men's,0563010,0563001,0563002
AIR VAPORMAX FLYKNIT,9558019,8447201
LEBRON 7,sp10 mnbskt 628 184252,sp10mnbskt303158623y3
ZOOM LEBRON 2,bam037m22c1,bam037m21c1
ZOOM LEBRON 3,bam153m28ci,do not use,bam153m26c1,BAM153-M27-C1
LEBRON 8,h010mnbskt186243118,h010mnbskt186,h010mnbskt186268612,DEANDEMIN1,SP11MN8SKT-470,H010-MNBSKT-186-243120
KD 5 ELITE,585386 888 01
Nike Metcon 4 - Men's,7453101,1122614,7453001,7453109,7453207,7453003,7453104,9276200,7453002,7453701,7453401
AIR MAX 1/97 VF SW,AJ4219 400 2017
Men's Nike Kobe Mamba Rage Basketball Shoes,7281006,7281020
AIR MOWABB BY BDGA,HO17 MNSELB 886
Nike Free Trainer V7 - Men's,0881700,0881802,0881605,1948401,1948601,1948405,1948302,1948400,0881401,1948402,1948300
Nike Accurate Golf Shoes - Men's,9723100,9724100,9723003
ZOOM LEBRON 20-5-5,311145 354 15
NIKE ZOOM KD 4 PE,mnbskt 985 316337
NIKE AIR VAPORMAX FLYKNIT MOC,3397013
AIR MAX LEBRON 8 V/2 PROMO,sp11mnbskt470222477
NIKE KOBE 3,318090 012 03,318090 012 02
Air Flight Huarache Ultra,0856100,0856001
Men's Nike LeBron 15 Low Basketball Shoes,1755002,1755001,1755100,1755003
Men's Nike Free RN 2018 Running Shoes,2836600
Men's Nike LunarSolo Running Shoes,4079010,4079012,4079602,4079001,4079008,4079406
Nike Lunar TR1,333169 LN4
AIR YEEZY 1 PROTOTYPE,bmk066zz
Nike Alpha Huarache Elite - Men's,3428170,3428002,3428100,3428611,3428070,3428011,3428612,3428411,3428412
Men's Nike Air Huarache Run Ultra Casual Shoes,9685202,9685203
Nike Mercurial Superfly 6 Club MG - Men's,7363081
Nike Inflict 3 - Men's,5256003
KOBE 11,865774 992b
Men's Nike Free RN Flyknit 2018 Running Shoes,2838001,2838100,2838400,2838300
Nike Soldier 12 SFG - Men's,4054001
Nike Alpha Huarache Keystone - Men's,3429411,3429611,3429071,3429011,3429001,3429171,3429101
Nike Mercurial Vapor 12 Club MG - Men's,7378810,3723390,7378081
DUNK LOW SB PREMIUM,313170 137566
AIR FORCE 1 HIGH,773256 906799,778911-906813,773043-906775,773257 -2,1118300,1118100
AIR MAX 180,BMN872-M1-C1
Nike Lunar Vapor Ultrafly Pro - Men's,2696661
Nike Hypersweep - Men's,1775461
KOBE A.D.,6921001,164001,2721500,2721900,482100,2721600
Nike Blaze Of Glory x Bape,358844 01
Nike Zoom Winflo 4 - Men's,CG5612,CG5613
Nike SB Janoski Hyperfeel - Men's,4443100
Men's Nike LeBron Soldier 11 Basketball Shoes,3155601,3155700,3155110
AIR MAX 97,bmn866-m1-c1
AIR MAX 95,609048 072 2010
LEBRON 9 PE,h011mnbskt729282
Nike Kobe 11 Low ID,865773 993ID,865773 991IDb,853649 994ID,865773 992ID
Men's Air Jordan Impact Training Shoes,BY1579,CQ1768
AIR MAX 90,0155010
ZOOM HYPERDUNK,469776 888 26
AIR MAG,ho15mnothr402625849
Nike Explorer 2 Golf Shoes - Men's,9957001
LEBRON 10,578346 994ID
LEBRON 11,ho13 mnbskt 2472,ho13mnbskt144
NIKE LEBRON 10 PE,sp13mnbskt232397077,mnbskt971356733,sp13mnbskt232397089
LEBRON 13,807219 618513,807219 618655
LEBRON 14,852405SMPL
AIR MAX 90 DQM HYPERSTRIKE,bmq266m3c1qs
Nike Hypervenom Phantom 3 Club FG - Men's,7267081,4145090,4145107
Nike Air Force 1 Prem Promo LE,H008URBAN546 LN2
NIKE LEBRON 15,2363100,2363002
KYRIE 4,2597001,3806104,2K18KYRIE4
KYRIE 3,7724001
KYRIE 2,647588 PROMO
Nike Roshe G Golf Shoes - Men's,1837001,1837400,1837600
Nike Air Zoom Huarahce 2K5 PE,BAM203 M28
LEBRON 15 LIF,a01068 10200
Nike Air Wild - Men's,7547001,7547002
AIR FORCE 1 07 LV8,1117300,4061200,1117200,1117001,1117600
HYPERDUNK ELITE,fa08 mnbskt 190
Nike React Hyperdunk 2017 Low - Men's,2774003
Men's Nike Zoom All Out Low 2 Running Shoes,0035100,0035006,0035101,0035300,0035301
Nike Air Hoop Structure LE,
Nike Tech Trainer - Men's,4775001,4775016,4775408
AIR 180 DIZZEE RASCAL,bmn158m5c1
Nike Air Force 1 LE PRM,BMB315-M5-C1
Nike Mercurial Vapor 12 Pro FG - Men's,7382081,7382810
Nike Free x Metcon - Men's,0630441,8141005,8141104,8141103,8141048
AIR MAX 1,314232 991b
Men's Nike PG 2 Basketball Shoes,2039003,2986001,2039400,5163100,2039002,AO2986PG001
Nike Zoom Streak LT 4 - Men's,4514411
AIR TRAINER SC HIGH,Air Trainer SC High
KOBE 9 LOW,677992 998id,677992 995id
KOBE 11 LOW,865773 991c,865773 991b
Nike Air Max Plus BR - Men's,8014001
LEBRON 9,hollmnsbskt729,h011mnbskt729,sp12mnbskt233333480y3
AIR FORCE 1 LOW,bmb787m7,BMB122 M30
Nike Vapor Ultrafly - Men's,2686001,2686441,2686003,2686661
Nike Mercurial Vapor 12 Academy MG - Men's,7375107,7375081,3721390,7375810
Men's Nike Free Trainer V8 Training Shoes,9395002,9395001,9395104,9395401
Nike KD II PE,SP10-MNBSKT-744
Nike Air Trout 4 Pro - Men's,7920668,7920331,7920881,7920444,7920661,7920441
Nike Kyrie Flytrap - Men's,7071100,7071009,7071001,7071008,7071102
Nike Zoom Live II - Men's,7566100
Nike Mercurial Vapor 360 Elite FG - Men's,7380107,7380081,7380810
Nike Court Lite - Men's,5021010
DUNK HIGH PREMIUM TZ,su08nd18m327,SU08-ND-18M-327/72219
CLASSIC CORTEZ,9720411